Id,TempsArrive,EstPaye,TempsSortie,EstConverti
026FB43C4226,"2025-03-10 10:03:22.935046",0,NULL,0
084E79354918,"2025-03-10 10:03:32.449432",0,NULL,0
09079AC7A794,"2025-03-10 10:03:37.841793",0,NULL,0
093EB5E7DEA0,"2025-03-10 10:08:10.138465",0,NULL,0
0ABCBB21BB15,"2025-03-10 10:08:17.899627",0,NULL,0
0AFE0E37A2C4,"2025-03-10 10:03:30.777544",0,NULL,0
0E17F5FEB112,"2025-03-10 10:03:37.998617",0,NULL,0
0E75DB9DB32A,"2025-03-10 10:08:17.295698",0,NULL,0
206AD8F8B224,"2025-03-10 10:03:31.464489",0,NULL,0
33A98412A03D,"2025-03-10 10:03:33.155945",0,NULL,0
4CDD51E9A007,"2025-03-10 10:08:17.139970",0,NULL,0
4DE1D8309A8B,"2025-03-10 10:03:32.279179",0,NULL,0
51E5D798F3C0,"2025-03-10 10:03:30.596120",0,NULL,0
53564E52AA23,"2025-03-10 10:03:33.536344",0,NULL,0
679C494A0C43,"2025-03-10 10:03:29.139070",0,NULL,0
71854FCEE360,"2025-03-10 10:03:30.401042",0,NULL,0
7C487500660A,"2025-03-10 10:03:29.728602",0,NULL,0
7CB5691DCB56,"2025-03-10 10:08:15.866941",0,NULL,0
7FB423F709E1,"2025-03-10 10:03:28.484986",0,NULL,0
8B9C2264FA8F,"2025-03-10 10:08:16.267974",0,NULL,0
900D3F01CBB6,"2025-03-10 10:08:16.597096",0,NULL,0
919D40D7B3C1,"2025-03-10 10:07:59.017047",1,"2025-03-10 14:10:05.377682",0
9A6AB4B97C7B,"2025-03-10 10:03:33.696120",0,NULL,0
9EA456EDF7E8,"2025-03-10 10:03:31.948903",0,NULL,0
A2C825FF2EFC,"2025-03-10 10:03:33.321718",0,NULL,0
A43ABD850861,"2025-03-10 10:08:07.443850",0,NULL,0
A581A1E51D93,"2025-03-10 10:08:16.922999",0,NULL,0
AD2BE2BE4307,"2025-03-10 10:07:59.205557",1,"2025-03-10 14:09:26.918726",0
B10FD5C18CFA,"2025-03-10 10:03:38.327706",0,NULL,0
B14B6DA9C08E,"2025-03-10 10:03:34.059696",0,NULL,0
B3EA9EACED4A,"2025-03-10 10:03:34.234972",0,NULL,0
B6A2673CB9CB,"2025-03-10 10:03:38.156928",0,NULL,0
BA83E8C6CCC3,"2025-03-10 10:03:27.893600",0,NULL,0
CB6B0C0F41CB,"2025-03-10 10:03:34.879521",0,NULL,0
D2D3AAE46104,"2025-03-10 10:08:18.077161",1,"2025-03-10 14:08:45.014929",0
DAE56845F3FC,"2025-03-10 10:08:16.458537",0,NULL,0
DF6E3DDFC43C,"2025-03-10 10:03:32.975133",0,NULL,0
E6FEA7322731,"2025-03-10 10:03:32.112349",0,NULL,0
edf3a8cd-fdb,"2025-03-08 09:38:19.000000",1,"2025-03-08 11:38:19.000000",0
edf3adeb-fdb,"2025-03-09 09:38:19.000000",1,"2025-03-09 16:38:19.000000",0
edf3af21-fdb,"2025-03-06 09:38:19.000000",1,"2025-03-06 14:38:19.000000",0
edf3af9d-fdb,"2025-03-04 09:38:19.000000",1,"2025-03-04 12:38:19.000000",0
edf3b00b-fdb,"2025-03-05 09:38:19.000000",1,"2025-03-05 15:38:19.000000",0
edf3b074-fdb,"2025-03-10 09:38:19.000000",1,"2025-03-10 15:38:19.000000",1
edf3b0de-fdb,"2025-03-09 09:38:19.000000",1,"2025-03-09 15:38:19.000000",0
edf3b13c-fdb,"2025-03-10 09:38:19.000000",1,"2025-03-10 13:38:19.000000",1
edf3b1a6-fdb,"2025-03-05 09:38:19.000000",1,"2025-03-05 11:38:19.000000",0
edf3b237-fdb,"2025-03-06 09:38:19.000000",1,"2025-03-06 14:38:19.000000",0
edf3b2e2-fdb,"2025-03-07 09:38:19.000000",1,"2025-03-07 14:38:19.000000",0
edf3b344-fdb,"2025-03-06 09:38:19.000000",1,"2025-03-06 16:38:19.000000",0
edf3b3aa-fdb,"2025-03-06 09:38:19.000000",1,"2025-03-06 15:38:19.000000",0
edf3b40d-fdb,"2025-03-08 09:38:19.000000",1,"2025-03-08 16:38:19.000000",0
edf3b46b-fdb,"2025-03-09 09:38:19.000000",1,"2025-03-09 14:38:19.000000",0
edf3b4ce-fdb,"2025-03-07 09:38:19.000000",1,"2025-03-07 10:38:19.000000",0
edf3b52a-fdb,"2025-03-07 09:38:19.000000",1,"2025-03-07 13:38:19.000000",0
edf3b58c-fdb,"2025-03-10 09:38:19.000000",1,"2025-03-10 14:38:19.000000",1
edf3b5ec-fdb,"2025-03-07 09:38:19.000000",1,"2025-03-07 12:38:19.000000",0
edf3b650-fdb,"2025-03-05 09:38:19.000000",1,"2025-03-05 14:38:19.000000",0
edf3b6b4-fdb,"2025-03-05 09:38:19.000000",1,"2025-03-05 13:38:19.000000",0
edf3b713-fdb,"2025-03-06 09:38:19.000000",1,"2025-03-06 12:38:19.000000",0
edf3b777-fdb,"2025-03-10 09:38:19.000000",1,"2025-03-10 12:38:19.000000",0
edf3b7d7-fdb,"2025-03-10 09:38:19.000000",1,"2025-03-10 14:38:19.000000",0
edf3b834-fdb,"2025-03-04 09:38:19.000000",1,"2025-03-04 12:38:19.000000",0
edf3b891-fdb,"2025-03-08 09:38:19.000000",1,"2025-03-08 13:38:19.000000",0
edf3b962-fdb,"2025-03-05 09:38:19.000000",1,"2025-03-05 16:38:19.000000",0
edf3b9d2-fdb,"2025-03-07 09:38:19.000000",1,"2025-03-07 14:38:19.000000",0
edf3ba32-fdb,"2025-03-05 09:38:19.000000",1,"2025-03-05 15:38:19.000000",0
edf3ba93-fdb,"2025-03-07 09:38:19.000000",1,"2025-03-07 16:38:19.000000",0
edf3baf5-fdb,"2025-03-10 09:38:19.000000",1,"2025-03-10 11:38:19.000000",0
edf3bb51-fdb,"2025-03-09 09:38:19.000000",1,"2025-03-09 11:38:19.000000",0
edf3bbac-fdb,"2025-03-06 09:38:19.000000",1,"2025-03-06 13:38:19.000000",0
edf3bc09-fdb,"2025-03-05 09:38:19.000000",1,"2025-03-05 13:38:19.000000",0
edf3bc66-fdb,"2025-03-05 09:38:19.000000",1,"2025-03-05 13:38:19.000000",0
edf3bcfb-fdb,"2025-03-07 09:38:19.000000",1,"2025-03-07 14:38:19.000000",0
edf3bd5b-fdb,"2025-03-10 09:38:19.000000",1,"2025-03-10 16:38:19.000000",0
edf3bdb6-fdb,"2025-03-08 09:38:19.000000",1,"2025-03-08 13:38:19.000000",0
edf3be11-fdb,"2025-03-09 09:38:19.000000",1,"2025-03-09 14:38:19.000000",1
edf3be6d-fdb,"2025-03-09 09:38:19.000000",1,"2025-03-09 14:38:19.000000",0
edf3bec9-fdb,"2025-03-10 09:38:19.000000",1,"2025-03-10 12:38:19.000000",0
edf3bf31-fdb,"2025-03-08 09:38:19.000000",1,"2025-03-08 16:38:19.000000",0
edf3bf93-fdb,"2025-03-06 09:38:19.000000",1,"2025-03-06 13:38:19.000000",0
edf3bfed-fdb,"2025-03-09 09:38:19.000000",1,"2025-03-09 13:38:19.000000",0
edf3c06f-fdb,"2025-03-08 09:38:19.000000",1,"2025-03-08 16:38:19.000000",1
edf3c0cd-fdb,"2025-03-06 09:38:19.000000",1,"2025-03-06 13:38:19.000000",0
edf3c127-fdb,"2025-03-05 09:38:19.000000",1,"2025-03-05 16:38:19.000000",0
edf3c188-fdb,"2025-03-08 09:38:19.000000",1,"2025-03-08 14:38:19.000000",0
edf3c1e6-fdb,"2025-03-04 09:38:19.000000",1,"2025-03-04 15:38:19.000000",0
edf3c247-fdb,"2025-03-05 09:38:19.000000",1,"2025-03-05 16:38:19.000000",0
edf3c2ab-fdb,"2025-03-08 09:38:19.000000",1,"2025-03-08 12:38:19.000000",1
edf3c30c-fdb,"2025-03-10 09:38:19.000000",1,"2025-03-10 10:38:19.000000",0
edf3c369-fdb,"2025-03-10 09:38:19.000000",1,"2025-03-10 10:38:19.000000",0
edf3c3c3-fdb,"2025-03-04 09:38:19.000000",1,"2025-03-04 11:38:19.000000",1
edf3c42d-fdb,"2025-03-07 09:38:19.000000",1,"2025-03-07 10:38:19.000000",0
edf3c488-fdb,"2025-03-05 09:38:19.000000",1,"2025-03-05 12:38:19.000000",0
edf3c4e9-fdb,"2025-03-09 09:38:19.000000",1,"2025-03-09 14:38:19.000000",0
edf3c542-fdb,"2025-03-05 09:38:19.000000",1,"2025-03-05 10:38:19.000000",0
edf3c5a1-fdb,"2025-03-05 09:38:19.000000",1,"2025-03-05 14:38:19.000000",1
edf3c5fd-fdb,"2025-03-04 09:38:19.000000",1,"2025-03-04 16:38:19.000000",0
edf3c657-fdb,"2025-03-05 09:38:19.000000",1,"2025-03-05 16:38:19.000000",0
edf3c6b5-fdb,"2025-03-10 09:38:19.000000",1,"2025-03-10 16:38:19.000000",0
edf3c70b-fdb,"2025-03-10 09:38:19.000000",1,"2025-03-10 13:38:19.000000",0
edf3c769-fdb,"2025-03-06 09:38:19.000000",1,"2025-03-06 10:38:19.000000",0
edf3c7c2-fdb,"2025-03-06 09:38:19.000000",1,"2025-03-06 14:38:19.000000",0
edf3c81e-fdb,"2025-03-08 09:38:19.000000",1,"2025-03-08 15:38:19.000000",0
edf3c879-fdb,"2025-03-06 09:38:19.000000",1,"2025-03-06 11:38:19.000000",0
edf3c8d3-fdb,"2025-03-08 09:38:19.000000",1,"2025-03-08 15:38:19.000000",0
edf3c930-fdb,"2025-03-06 09:38:19.000000",1,"2025-03-06 12:38:19.000000",0
edf3c98a-fdb,"2025-03-09 09:38:19.000000",1,"2025-03-09 14:38:19.000000",0
edf3c9e3-fdb,"2025-03-05 09:38:19.000000",1,"2025-03-05 14:38:19.000000",0
edf3ca3a-fdb,"2025-03-05 09:38:19.000000",1,"2025-03-05 13:38:19.000000",0
edf3cabd-fdb,"2025-03-07 09:38:19.000000",1,"2025-03-07 12:38:19.000000",0
edf3cb19-fdb,"2025-03-04 09:38:19.000000",1,"2025-03-04 13:38:19.000000",0
edf3cb71-fdb,"2025-03-04 09:38:19.000000",1,"2025-03-04 11:38:19.000000",0
edf3cbc9-fdb,"2025-03-08 09:38:19.000000",1,"2025-03-08 14:38:19.000000",1
edf3cc22-fdb,"2025-03-09 09:38:19.000000",1,"2025-03-09 15:38:19.000000",0
edf3cc7a-fdb,"2025-03-06 09:38:19.000000",1,"2025-03-06 15:38:19.000000",0
edf3ccd4-fdb,"2025-03-10 09:38:19.000000",1,"2025-03-10 16:38:19.000000",0
edf3cd2f-fdb,"2025-03-08 09:38:19.000000",1,"2025-03-08 16:38:19.000000",0
edf3cd88-fdb,"2025-03-08 09:38:19.000000",1,"2025-03-08 11:38:19.000000",1
edf3cde6-fdb,"2025-03-08 09:38:19.000000",1,"2025-03-08 11:38:19.000000",0
edf3ce7d-fdb,"2025-03-06 09:38:19.000000",1,"2025-03-06 10:38:19.000000",1
edf3cee1-fdb,"2025-03-08 09:38:19.000000",1,"2025-03-08 11:38:19.000000",1
edf3cf3c-fdb,"2025-03-04 09:38:19.000000",1,"2025-03-04 13:38:19.000000",0
edf3cf98-fdb,"2025-03-10 09:38:19.000000",1,"2025-03-10 10:38:19.000000",1
edf3cff0-fdb,"2025-03-07 09:38:19.000000",1,"2025-03-07 15:38:19.000000",0
edf3d04b-fdb,"2025-03-06 09:38:19.000000",1,"2025-03-06 12:38:19.000000",0
edf3d0a5-fdb,"2025-03-06 09:38:19.000000",1,"2025-03-06 16:38:19.000000",0
edf3d104-fdb,"2025-03-08 09:38:19.000000",1,"2025-03-08 12:38:19.000000",0
edf3d163-fdb,"2025-03-04 09:38:19.000000",1,"2025-03-04 11:38:19.000000",0
edf3d1c0-fdb,"2025-03-09 09:38:19.000000",1,"2025-03-09 10:38:19.000000",1
edf3d21c-fdb,"2025-03-09 09:38:19.000000",1,"2025-03-09 14:38:19.000000",1
edf3d275-fdb,"2025-03-06 09:38:19.000000",1,"2025-03-06 15:38:19.000000",1
edf3d2d1-fdb,"2025-03-09 09:38:19.000000",1,"2025-03-09 15:38:19.000000",0
edf3d32a-fdb,"2025-03-10 09:38:19.000000",1,"2025-03-10 10:38:19.000000",0
edf3d383-fdb,"2025-03-09 09:38:19.000000",1,"2025-03-09 14:38:19.000000",0
edf3d3dd-fdb,"2025-03-05 09:38:19.000000",1,"2025-03-05 12:38:19.000000",0
edf3d439-fdb,"2025-03-10 09:38:19.000000",1,"2025-03-10 15:38:19.000000",0
edf3d493-fdb,"2025-03-04 09:38:19.000000",1,"2025-03-04 16:38:19.000000",0
edf3d4f0-fdb,"2025-03-07 09:38:19.000000",1,"2025-03-07 12:38:19.000000",0
edf3d549-fdb,"2025-03-06 09:38:19.000000",1,"2025-03-06 15:38:19.000000",1
edf3d5a4-fdb,"2025-03-06 09:38:19.000000",1,"2025-03-06 15:38:19.000000",0
edf3d600-fdb,"2025-03-09 09:38:19.000000",1,"2025-03-09 14:38:19.000000",0
edf3d65a-fdb,"2025-03-10 09:38:19.000000",1,"2025-03-10 16:38:19.000000",0
edf3d6b2-fdb,"2025-03-10 09:38:19.000000",1,"2025-03-10 12:38:19.000000",0
edf3d70a-fdb,"2025-03-08 09:38:19.000000",1,"2025-03-08 12:38:19.000000",0
edf3d763-fdb,"2025-03-06 09:38:19.000000",1,"2025-03-06 12:38:19.000000",1
edf3d7bd-fdb,"2025-03-09 09:38:19.000000",1,"2025-03-09 15:38:19.000000",0
edf3d818-fdb,"2025-03-04 09:38:19.000000",1,"2025-03-04 16:38:19.000000",1
edf3d875-fdb,"2025-03-05 09:38:19.000000",1,"2025-03-05 12:38:19.000000",0
edf3d8ce-fdb,"2025-03-08 09:38:19.000000",1,"2025-03-08 15:38:19.000000",0
edf3d927-fdb,"2025-03-07 09:38:19.000000",1,"2025-03-07 16:38:19.000000",0
edf3d982-fdb,"2025-03-04 09:38:19.000000",1,"2025-03-04 12:38:19.000000",0
edf3d9dd-fdb,"2025-03-06 09:38:19.000000",1,"2025-03-06 11:38:19.000000",0
edf3da3a-fdb,"2025-03-04 09:38:19.000000",1,"2025-03-04 16:38:19.000000",0
edf3da98-fdb,"2025-03-04 09:38:19.000000",1,"2025-03-04 15:38:19.000000",0
edf3daf2-fdb,"2025-03-09 09:38:19.000000",1,"2025-03-09 11:38:19.000000",0
edf3db4e-fdb,"2025-03-09 09:38:19.000000",1,"2025-03-09 13:38:19.000000",0
edf3dba7-fdb,"2025-03-05 09:38:19.000000",1,"2025-03-05 11:38:19.000000",0
edf3dc05-fdb,"2025-03-04 09:38:19.000000",1,"2025-03-04 13:38:19.000000",0
edf3dc63-fdb,"2025-03-07 09:38:19.000000",1,"2025-03-07 14:38:19.000000",0
edf3dcbd-fdb,"2025-03-04 09:38:19.000000",1,"2025-03-04 16:38:19.000000",0
edf3dd50-fdb,"2025-03-06 09:38:19.000000",1,"2025-03-06 16:38:19.000000",0
edf3ddb1-fdb,"2025-03-09 09:38:19.000000",1,"2025-03-09 14:38:19.000000",0
edf3de0a-fdb,"2025-03-10 09:38:19.000000",1,"2025-03-10 14:38:19.000000",1
edf3de62-fdb,"2025-03-10 09:38:19.000000",1,"2025-03-10 16:38:19.000000",0
edf3debd-fdb,"2025-03-05 09:38:19.000000",1,"2025-03-05 15:38:19.000000",0
edf3df4c-fdb,"2025-03-04 09:38:19.000000",1,"2025-03-04 11:38:19.000000",1
edf3dfad-fdb,"2025-03-09 09:38:19.000000",1,"2025-03-09 13:38:19.000000",0
edf3e00d-fdb,"2025-03-09 09:38:19.000000",1,"2025-03-09 15:38:19.000000",0
edf3e065-fdb,"2025-03-10 09:38:19.000000",1,"2025-03-10 13:38:19.000000",0
edf3e0c0-fdb,"2025-03-05 09:38:19.000000",1,"2025-03-05 11:38:19.000000",0
edf3e11b-fdb,"2025-03-09 09:38:19.000000",1,"2025-03-09 12:38:19.000000",0
edf3e176-fdb,"2025-03-07 09:38:19.000000",1,"2025-03-07 14:38:19.000000",1
edf3e1ce-fdb,"2025-03-06 09:38:19.000000",1,"2025-03-06 14:38:19.000000",1
edf3e226-fdb,"2025-03-08 09:38:19.000000",1,"2025-03-08 12:38:19.000000",1
edf3e27e-fdb,"2025-03-08 09:38:19.000000",1,"2025-03-08 16:38:19.000000",1
edf3e2d8-fdb,"2025-03-04 09:38:19.000000",1,"2025-03-04 15:38:19.000000",0
edf3e331-fdb,"2025-03-09 09:38:19.000000",1,"2025-03-09 15:38:19.000000",1
edf3e391-fdb,"2025-03-06 09:38:19.000000",1,"2025-03-06 16:38:19.000000",1
edf3e3eb-fdb,"2025-03-06 09:38:19.000000",1,"2025-03-06 10:38:19.000000",0
edf3e444-fdb,"2025-03-10 09:38:19.000000",1,"2025-03-10 14:38:19.000000",0
edf3e49b-fdb,"2025-03-07 09:38:19.000000",1,"2025-03-07 11:38:19.000000",0
edf3e4f3-fdb,"2025-03-07 09:38:19.000000",1,"2025-03-07 10:38:19.000000",0
edf3e550-fdb,"2025-03-09 09:38:19.000000",1,"2025-03-09 12:38:19.000000",1
edf3e5ac-fdb,"2025-03-10 09:38:19.000000",1,"2025-03-10 16:38:19.000000",0
edf3e604-fdb,"2025-03-06 09:38:19.000000",1,"2025-03-06 12:38:19.000000",0
edf3e65f-fdb,"2025-03-09 09:38:19.000000",1,"2025-03-09 15:38:19.000000",0
edf3e6b9-fdb,"2025-03-08 09:38:19.000000",1,"2025-03-08 10:38:19.000000",1
edf3e715-fdb,"2025-03-09 09:38:19.000000",1,"2025-03-09 11:38:19.000000",0
edf3e76f-fdb,"2025-03-09 09:38:19.000000",1,"2025-03-09 16:38:19.000000",0
edf3e7ed-fdb,"2025-03-08 09:38:19.000000",1,"2025-03-08 14:38:19.000000",0
edf3e84a-fdb,"2025-03-06 09:38:19.000000",1,"2025-03-06 11:38:19.000000",0
edf3e8a3-fdb,"2025-03-06 09:38:19.000000",1,"2025-03-06 14:38:19.000000",0
edf3e8fe-fdb,"2025-03-10 09:38:19.000000",1,"2025-03-10 11:38:19.000000",0
edf3e957-fdb,"2025-03-10 09:38:19.000000",1,"2025-03-10 13:38:19.000000",0
edf3e9ad-fdb,"2025-03-07 09:38:19.000000",1,"2025-03-07 13:38:19.000000",0
edf3ea08-fdb,"2025-03-04 09:38:19.000000",1,"2025-03-04 11:38:19.000000",0
edf3ea62-fdb,"2025-03-07 09:38:19.000000",1,"2025-03-07 12:38:19.000000",0
edf3eabc-fdb,"2025-03-07 09:38:19.000000",1,"2025-03-07 12:38:19.000000",1
edf3eb15-fdb,"2025-03-07 09:38:19.000000",1,"2025-03-07 15:38:19.000000",1
edf3eb6e-fdb,"2025-03-05 09:38:19.000000",1,"2025-03-05 16:38:19.000000",0
edf3ebc8-fdb,"2025-03-07 09:38:19.000000",1,"2025-03-07 12:38:19.000000",1
edf3ec3d-fdb,"2025-03-06 09:38:19.000000",1,"2025-03-06 10:38:19.000000",1
edf3ec99-fdb,"2025-03-07 09:38:19.000000",1,"2025-03-07 13:38:19.000000",0
edf3ecf6-fdb,"2025-03-07 09:38:19.000000",1,"2025-03-07 15:38:19.000000",0
edf3ed52-fdb,"2025-03-09 09:38:19.000000",1,"2025-03-09 12:38:19.000000",0
edf3edab-fdb,"2025-03-06 09:38:19.000000",1,"2025-03-06 16:38:19.000000",1
edf3ee05-fdb,"2025-03-05 09:38:19.000000",1,"2025-03-05 10:38:19.000000",1
edf3ee62-fdb,"2025-03-08 09:38:19.000000",1,"2025-03-08 14:38:19.000000",0
edf3eebb-fdb,"2025-03-05 09:38:19.000000",1,"2025-03-05 11:38:19.000000",1
edf3ef15-fdb,"2025-03-08 09:38:19.000000",1,"2025-03-08 11:38:19.000000",1
edf3ef6e-fdb,"2025-03-05 09:38:19.000000",1,"2025-03-05 12:38:19.000000",0
edf3efc8-fdb,"2025-03-06 09:38:19.000000",1,"2025-03-06 15:38:19.000000",0
edf3f021-fdb,"2025-03-10 09:38:19.000000",1,"2025-03-10 12:38:19.000000",1
edf3f07a-fdb,"2025-03-04 09:38:19.000000",1,"2025-03-04 12:38:19.000000",0
edf3f0d5-fdb,"2025-03-07 09:38:19.000000",1,"2025-03-07 14:38:19.000000",0
edf3f130-fdb,"2025-03-05 09:38:19.000000",1,"2025-03-05 10:38:19.000000",0
edf3f189-fdb,"2025-03-08 09:38:19.000000",1,"2025-03-08 14:38:19.000000",0
edf3f1e2-fdb,"2025-03-05 09:38:19.000000",1,"2025-03-05 16:38:19.000000",0
edf3f23e-fdb,"2025-03-07 09:38:19.000000",1,"2025-03-07 15:38:19.000000",1
edf3f298-fdb,"2025-03-09 09:38:19.000000",1,"2025-03-09 10:38:19.000000",0
edf3f2f2-fdb,"2025-03-07 09:38:19.000000",1,"2025-03-07 10:38:19.000000",0
edf3f34c-fdb,"2025-03-09 09:38:19.000000",1,"2025-03-09 16:38:19.000000",0
edf3f3a5-fdb,"2025-03-08 09:38:19.000000",1,"2025-03-08 12:38:19.000000",0
edf3f3fd-fdb,"2025-03-09 09:38:19.000000",1,"2025-03-09 12:38:19.000000",1
edf3f456-fdb,"2025-03-05 09:38:19.000000",1,"2025-03-05 12:38:19.000000",0
edf3f4b2-fdb,"2025-03-06 09:38:19.000000",1,"2025-03-06 15:38:19.000000",0
edf3f50a-fdb,"2025-03-07 09:38:19.000000",1,"2025-03-07 14:38:19.000000",0
edf3f563-fdb,"2025-03-10 09:38:19.000000",1,"2025-03-10 10:38:19.000000",0
edf3f5ba-fdb,"2025-03-08 09:38:19.000000",1,"2025-03-08 14:38:19.000000",0
edf3f617-fdb,"2025-03-06 09:38:19.000000",1,"2025-03-06 16:38:19.000000",0
edf3f673-fdb,"2025-03-04 09:38:19.000000",1,"2025-03-04 14:38:19.000000",0
edf3f6cd-fdb,"2025-03-07 09:38:19.000000",1,"2025-03-07 12:38:19.000000",0
edf3f726-fdb,"2025-03-08 09:38:19.000000",1,"2025-03-08 15:38:19.000000",0
edf3f780-fdb,"2025-03-08 09:38:19.000000",1,"2025-03-08 11:38:19.000000",0
edf3f7d8-fdb,"2025-03-08 09:38:19.000000",1,"2025-03-08 13:38:19.000000",0
edf3f831-fdb,"2025-03-04 09:38:19.000000",1,"2025-03-04 14:38:19.000000",0
edf3f889-fdb,"2025-03-08 09:38:19.000000",1,"2025-03-08 15:38:19.000000",0
edf3f8e4-fdb,"2025-03-07 09:38:19.000000",1,"2025-03-07 16:38:19.000000",0
edf3f93d-fdb,"2025-03-10 09:38:19.000000",1,"2025-03-10 11:38:19.000000",0
edf3f996-fdb,"2025-03-07 09:38:19.000000",1,"2025-03-07 11:38:19.000000",1
edf3f9ee-fdb,"2025-03-05 09:38:19.000000",1,"2025-03-05 14:38:19.000000",0
edf3fa47-fdb,"2025-03-09 09:38:19.000000",1,"2025-03-09 12:38:19.000000",0
edf3faa3-fdb,"2025-03-10 09:38:19.000000",1,"2025-03-10 11:38:19.000000",0
edf3fafb-fdb,"2025-03-08 09:38:19.000000",1,"2025-03-08 16:38:19.000000",0
edf3fb56-fdb,"2025-03-05 09:38:19.000000",1,"2025-03-05 11:38:19.000000",0
edf3fbb1-fdb,"2025-03-10 09:38:19.000000",1,"2025-03-10 10:38:19.000000",0
edf3fc09-fdb,"2025-03-04 09:38:19.000000",1,"2025-03-04 15:38:19.000000",0
edf3fc79-fdb,"2025-03-04 09:38:19.000000",1,"2025-03-04 15:38:19.000000",0
edf3fcfb-fdb,"2025-03-04 09:38:19.000000",1,"2025-03-04 12:38:19.000000",0
edf3fd81-fdb,"2025-03-07 09:38:19.000000",1,"2025-03-07 13:38:19.000000",1
edf3fe0a-fdb,"2025-03-08 09:38:19.000000",1,"2025-03-08 11:38:19.000000",0
edf3fe8f-fdb,"2025-03-09 09:38:19.000000",1,"2025-03-09 14:38:19.000000",0
edf3ff05-fdb,"2025-03-07 09:38:19.000000",1,"2025-03-07 15:38:19.000000",1
edf3ff7b-fdb,"2025-03-09 09:38:19.000000",1,"2025-03-09 10:38:19.000000",0
edf3fffe-fdb,"2025-03-08 09:38:19.000000",1,"2025-03-08 14:38:19.000000",1
edf4005c-fdb,"2025-03-04 09:38:19.000000",1,"2025-03-04 16:38:19.000000",0
edf400bc-fdb,"2025-03-05 09:38:19.000000",1,"2025-03-05 14:38:19.000000",0
edf40118-fdb,"2025-03-10 09:38:19.000000",1,"2025-03-10 14:38:19.000000",0
edf40171-fdb,"2025-03-06 09:38:19.000000",1,"2025-03-06 13:38:19.000000",0
edf401d1-fdb,"2025-03-09 09:38:19.000000",1,"2025-03-09 13:38:19.000000",1
edf4022c-fdb,"2025-03-05 09:38:19.000000",1,"2025-03-05 10:38:19.000000",0
edf4028b-fdb,"2025-03-08 09:38:19.000000",1,"2025-03-08 16:38:19.000000",0
edf402e6-fdb,"2025-03-05 09:38:19.000000",1,"2025-03-05 12:38:19.000000",0
edf40340-fdb,"2025-03-10 09:38:19.000000",1,"2025-03-10 16:38:19.000000",0
edf40399-fdb,"2025-03-10 09:38:19.000000",1,"2025-03-10 13:38:19.000000",0
edf403f2-fdb,"2025-03-04 09:38:19.000000",1,"2025-03-04 10:38:19.000000",0
edf4044b-fdb,"2025-03-07 09:38:19.000000",1,"2025-03-07 13:38:19.000000",0
edf404a4-fdb,"2025-03-05 09:38:19.000000",1,"2025-03-05 11:38:19.000000",1
edf40500-fdb,"2025-03-04 09:38:19.000000",1,"2025-03-04 15:38:19.000000",0
edf4055c-fdb,"2025-03-06 09:38:19.000000",1,"2025-03-06 11:38:19.000000",0
edf405b7-fdb,"2025-03-08 09:38:19.000000",1,"2025-03-08 14:38:19.000000",0
edf40612-fdb,"2025-03-05 09:38:19.000000",1,"2025-03-05 15:38:19.000000",0
edf4066c-fdb,"2025-03-08 09:38:19.000000",1,"2025-03-08 10:38:19.000000",0
edf406c3-fdb,"2025-03-08 09:38:19.000000",1,"2025-03-08 10:38:19.000000",0
edf4071d-fdb,"2025-03-10 09:38:19.000000",1,"2025-03-10 16:38:19.000000",1
edf40775-fdb,"2025-03-07 09:38:19.000000",1,"2025-03-07 13:38:19.000000",1
edf407cf-fdb,"2025-03-10 09:38:19.000000",1,"2025-03-10 16:38:19.000000",0
edf4082b-fdb,"2025-03-06 09:38:19.000000",1,"2025-03-06 11:38:19.000000",0
edf40884-fdb,"2025-03-09 09:38:19.000000",1,"2025-03-09 11:38:19.000000",0
edf408dc-fdb,"2025-03-06 09:38:19.000000",1,"2025-03-06 14:38:19.000000",0
edf40934-fdb,"2025-03-05 09:38:19.000000",1,"2025-03-05 12:38:19.000000",1
edf409c6-fdb,"2025-03-04 09:38:19.000000",1,"2025-03-04 14:38:19.000000",0
edf40a26-fdb,"2025-03-08 09:38:19.000000",1,"2025-03-08 12:38:19.000000",1
edf40ad8-fdb,"2025-03-06 09:38:19.000000",1,"2025-03-06 10:38:19.000000",0
edf40b44-fdb,"2025-03-07 09:38:19.000000",1,"2025-03-07 11:38:19.000000",0
edf40b9e-fdb,"2025-03-08 09:38:19.000000",1,"2025-03-08 16:38:19.000000",0
edf40bf9-fdb,"2025-03-07 09:38:19.000000",1,"2025-03-07 11:38:19.000000",1
edf40c57-fdb,"2025-03-05 09:38:19.000000",1,"2025-03-05 15:38:19.000000",1
edf40cb0-fdb,"2025-03-06 09:38:19.000000",1,"2025-03-06 13:38:19.000000",0
edf40d0c-fdb,"2025-03-08 09:38:19.000000",1,"2025-03-08 11:38:19.000000",0
edf40d64-fdb,"2025-03-09 09:38:19.000000",1,"2025-03-09 15:38:19.000000",0
edf40dbd-fdb,"2025-03-09 09:38:19.000000",1,"2025-03-09 16:38:19.000000",0
edf40e19-fdb,"2025-03-05 09:38:19.000000",1,"2025-03-05 13:38:19.000000",0
edf40e9c-fdb,"2025-03-07 09:38:19.000000",1,"2025-03-07 15:38:19.000000",0
edf40efa-fdb,"2025-03-06 09:38:19.000000",1,"2025-03-06 10:38:19.000000",0
edf40f52-fdb,"2025-03-05 09:38:19.000000",1,"2025-03-05 10:38:19.000000",1
edf40fab-fdb,"2025-03-08 09:38:19.000000",1,"2025-03-08 12:38:19.000000",0
edf41004-fdb,"2025-03-10 09:38:19.000000",1,"2025-03-10 12:38:19.000000",0
edf4105d-fdb,"2025-03-09 09:38:19.000000",1,"2025-03-09 16:38:19.000000",0
edf410b8-fdb,"2025-03-10 09:38:19.000000",1,"2025-03-10 13:38:19.000000",1
edf41111-fdb,"2025-03-04 09:38:19.000000",1,"2025-03-04 16:38:19.000000",0
edf4116d-fdb,"2025-03-10 09:38:19.000000",1,"2025-03-10 15:38:19.000000",0
edf411c5-fdb,"2025-03-06 09:38:19.000000",1,"2025-03-06 13:38:19.000000",0
edf4121d-fdb,"2025-03-09 09:38:19.000000",1,"2025-03-09 16:38:19.000000",1
edf41275-fdb,"2025-03-10 09:38:19.000000",1,"2025-03-10 16:38:19.000000",1
edf412ce-fdb,"2025-03-04 09:38:19.000000",1,"2025-03-04 16:38:19.000000",0
edf4132a-fdb,"2025-03-04 09:38:19.000000",1,"2025-03-04 10:38:19.000000",0
edf41385-fdb,"2025-03-09 09:38:19.000000",1,"2025-03-09 12:38:19.000000",1
edf413de-fdb,"2025-03-06 09:38:19.000000",1,"2025-03-06 12:38:19.000000",0
edf4143a-fdb,"2025-03-10 09:38:19.000000",1,"2025-03-10 16:38:19.000000",0
edf41493-fdb,"2025-03-07 09:38:19.000000",1,"2025-03-07 15:38:19.000000",1
edf414ed-fdb,"2025-03-07 09:38:19.000000",1,"2025-03-07 15:38:19.000000",0
edf41545-fdb,"2025-03-09 09:38:19.000000",1,"2025-03-09 16:38:19.000000",0
edf4159d-fdb,"2025-03-05 09:38:19.000000",1,"2025-03-05 11:38:19.000000",1
edf415f9-fdb,"2025-03-08 09:38:19.000000",1,"2025-03-08 11:38:19.000000",1
edf41651-fdb,"2025-03-10 09:38:19.000000",1,"2025-03-10 13:38:19.000000",0
edf416a9-fdb,"2025-03-08 09:38:19.000000",1,"2025-03-08 15:38:19.000000",1
edf4172c-fdb,"2025-03-08 09:38:19.000000",1,"2025-03-08 13:38:19.000000",0
edf41788-fdb,"2025-03-07 09:38:19.000000",1,"2025-03-07 10:38:19.000000",0
edf417e3-fdb,"2025-03-04 09:38:19.000000",1,"2025-03-04 14:38:19.000000",0
edf4183b-fdb,"2025-03-06 09:38:19.000000",1,"2025-03-06 10:38:19.000000",0
edf41894-fdb,"2025-03-07 09:38:19.000000",1,"2025-03-07 11:38:19.000000",0
edf418ed-fdb,"2025-03-04 09:38:19.000000",1,"2025-03-04 10:38:19.000000",1
edf41947-fdb,"2025-03-04 09:38:19.000000",1,"2025-03-04 13:38:19.000000",1
edf419a0-fdb,"2025-03-05 09:38:19.000000",1,"2025-03-05 10:38:19.000000",0
edf419f9-fdb,"2025-03-05 09:38:19.000000",1,"2025-03-05 12:38:19.000000",1
edf41a51-fdb,"2025-03-09 09:38:19.000000",1,"2025-03-09 12:38:19.000000",0
edf41aab-fdb,"2025-03-08 09:38:19.000000",1,"2025-03-08 16:38:19.000000",0
edf41b03-fdb,"2025-03-08 09:38:19.000000",1,"2025-03-08 14:38:19.000000",0
edf41b62-fdb,"2025-03-06 09:38:19.000000",1,"2025-03-06 14:38:19.000000",0
edf41bbe-fdb,"2025-03-06 09:38:19.000000",1,"2025-03-06 15:38:19.000000",0
edf41c18-fdb,"2025-03-05 09:38:19.000000",1,"2025-03-05 10:38:19.000000",0
edf41c74-fdb,"2025-03-05 09:38:19.000000",1,"2025-03-05 16:38:19.000000",1
edf41ccc-fdb,"2025-03-04 09:38:19.000000",1,"2025-03-04 14:38:19.000000",0
edf41d26-fdb,"2025-03-05 09:38:19.000000",1,"2025-03-05 13:38:19.000000",0
edf41d83-fdb,"2025-03-09 09:38:19.000000",1,"2025-03-09 14:38:19.000000",0
edf41ddd-fdb,"2025-03-10 09:38:19.000000",1,"2025-03-10 12:38:19.000000",0
edf41e36-fdb,"2025-03-09 09:38:19.000000",1,"2025-03-09 16:38:19.000000",0
edf41f07-fdb,"2025-03-05 09:38:19.000000",1,"2025-03-05 12:38:19.000000",0
edf41f6b-fdb,"2025-03-09 09:38:19.000000",1,"2025-03-09 12:38:19.000000",0
edf41fc9-fdb,"2025-03-07 09:38:19.000000",1,"2025-03-07 16:38:19.000000",1
edf42026-fdb,"2025-03-04 09:38:19.000000",1,"2025-03-04 11:38:19.000000",1
edf42080-fdb,"2025-03-06 09:38:19.000000",1,"2025-03-06 11:38:19.000000",0
edf420d9-fdb,"2025-03-05 09:38:19.000000",1,"2025-03-05 15:38:19.000000",0
edf42136-fdb,"2025-03-04 09:38:19.000000",1,"2025-03-04 16:38:19.000000",1
edf42190-fdb,"2025-03-08 09:38:19.000000",1,"2025-03-08 13:38:19.000000",0
edf421ec-fdb,"2025-03-09 09:38:19.000000",1,"2025-03-09 13:38:19.000000",0
edf42249-fdb,"2025-03-10 09:38:19.000000",1,"2025-03-10 10:38:19.000000",0
edf422a2-fdb,"2025-03-05 09:38:19.000000",1,"2025-03-05 15:38:19.000000",0
edf422fb-fdb,"2025-03-07 09:38:19.000000",1,"2025-03-07 16:38:19.000000",1
edf42353-fdb,"2025-03-08 09:38:19.000000",1,"2025-03-08 10:38:19.000000",0
edf423ac-fdb,"2025-03-05 09:38:19.000000",1,"2025-03-05 15:38:19.000000",0
edf42405-fdb,"2025-03-08 09:38:19.000000",1,"2025-03-08 15:38:19.000000",0
edf4245e-fdb,"2025-03-04 09:38:19.000000",1,"2025-03-04 11:38:19.000000",0
edf424b7-fdb,"2025-03-06 09:38:19.000000",1,"2025-03-06 10:38:19.000000",0
edf4250f-fdb,"2025-03-05 09:38:19.000000",1,"2025-03-05 14:38:19.000000",0
edf42568-fdb,"2025-03-09 09:38:19.000000",1,"2025-03-09 16:38:19.000000",1
edf425c1-fdb,"2025-03-07 09:38:19.000000",1,"2025-03-07 14:38:19.000000",1
edf4261d-fdb,"2025-03-04 09:38:19.000000",1,"2025-03-04 11:38:19.000000",0
edf42675-fdb,"2025-03-10 09:38:19.000000",1,"2025-03-10 12:38:19.000000",1
edf426cd-fdb,"2025-03-04 09:38:19.000000",1,"2025-03-04 10:38:19.000000",0
edf42726-fdb,"2025-03-05 09:38:19.000000",1,"2025-03-05 11:38:19.000000",0
edf42780-fdb,"2025-03-08 09:38:19.000000",1,"2025-03-08 15:38:19.000000",1
edf427d8-fdb,"2025-03-08 09:38:19.000000",1,"2025-03-08 11:38:19.000000",0
edf42831-fdb,"2025-03-09 09:38:19.000000",1,"2025-03-09 16:38:19.000000",1
edf428ff-fdb,"2025-03-08 09:38:19.000000",1,"2025-03-08 16:38:19.000000",0
edf42985-fdb,"2025-03-10 09:38:19.000000",1,"2025-03-10 16:38:19.000000",0
edf429e3-fdb,"2025-03-08 09:38:19.000000",1,"2025-03-08 16:38:19.000000",0
edf42a3e-fdb,"2025-03-06 09:38:19.000000",1,"2025-03-06 16:38:19.000000",1
edf42a9d-fdb,"2025-03-10 09:38:19.000000",1,"2025-03-10 14:38:19.000000",0
edf42af4-fdb,"2025-03-09 09:38:19.000000",1,"2025-03-09 14:38:19.000000",0
edf42b4d-fdb,"2025-03-09 09:38:19.000000",1,"2025-03-09 11:38:19.000000",0
edf42ba8-fdb,"2025-03-05 09:38:19.000000",1,"2025-03-05 12:38:19.000000",0
edf42c02-fdb,"2025-03-04 09:38:19.000000",1,"2025-03-04 15:38:19.000000",0
edf42c5b-fdb,"2025-03-08 09:38:19.000000",1,"2025-03-08 16:38:19.000000",0
edf42cb5-fdb,"2025-03-10 09:38:19.000000",1,"2025-03-10 13:38:19.000000",0
edf42d0c-fdb,"2025-03-06 09:38:19.000000",1,"2025-03-06 13:38:19.000000",0
edf42d67-fdb,"2025-03-04 09:38:19.000000",1,"2025-03-04 16:38:19.000000",1
edf42dc3-fdb,"2025-03-08 09:38:19.000000",1,"2025-03-08 12:38:19.000000",0
edf42e1b-fdb,"2025-03-05 09:38:19.000000",1,"2025-03-05 11:38:19.000000",0
edf42e73-fdb,"2025-03-10 09:38:19.000000",1,"2025-03-10 13:38:19.000000",1
edf42ecd-fdb,"2025-03-09 09:38:19.000000",1,"2025-03-09 10:38:19.000000",0
edf42f25-fdb,"2025-03-06 09:38:19.000000",1,"2025-03-06 15:38:19.000000",0
edf42f7e-fdb,"2025-03-06 09:38:19.000000",1,"2025-03-06 13:38:19.000000",0
edf42fd8-fdb,"2025-03-07 09:38:19.000000",1,"2025-03-07 12:38:19.000000",0
edf43030-fdb,"2025-03-10 09:38:19.000000",1,"2025-03-10 16:38:19.000000",0
edf43087-fdb,"2025-03-04 09:38:19.000000",1,"2025-03-04 10:38:19.000000",0
edf430e4-fdb,"2025-03-10 09:38:19.000000",1,"2025-03-10 10:38:19.000000",0
edf4313c-fdb,"2025-03-10 09:38:19.000000",1,"2025-03-10 14:38:19.000000",0
edf43195-fdb,"2025-03-09 09:38:19.000000",1,"2025-03-09 15:38:19.000000",0
edf431ef-fdb,"2025-03-05 09:38:19.000000",1,"2025-03-05 15:38:19.000000",1
edf43248-fdb,"2025-03-10 09:38:19.000000",1,"2025-03-10 15:38:19.000000",0
edf432a1-fdb,"2025-03-06 09:38:19.000000",1,"2025-03-06 15:38:19.000000",0
edf432ff-fdb,"2025-03-08 09:38:19.000000",1,"2025-03-08 11:38:19.000000",0
edf43359-fdb,"2025-03-06 09:38:19.000000",1,"2025-03-06 14:38:19.000000",1
edf433b5-fdb,"2025-03-07 09:38:19.000000",1,"2025-03-07 13:38:19.000000",1
edf43eda-fdb,"2025-03-09 09:38:19.000000",1,"2025-03-09 14:38:19.000000",1
edf43f94-fdb,"2025-03-10 09:38:19.000000",1,"2025-03-10 16:38:19.000000",0
edf44004-fdb,"2025-03-07 09:38:19.000000",1,"2025-03-07 16:38:19.000000",0
edf44073-fdb,"2025-03-06 09:38:19.000000",1,"2025-03-06 13:38:19.000000",1
edf440e1-fdb,"2025-03-06 09:38:19.000000",1,"2025-03-06 15:38:19.000000",0
edf4413e-fdb,"2025-03-09 09:38:19.000000",1,"2025-03-09 12:38:19.000000",1
edf4419c-fdb,"2025-03-05 09:38:19.000000",1,"2025-03-05 12:38:19.000000",0
edf441fa-fdb,"2025-03-08 09:38:19.000000",1,"2025-03-08 13:38:19.000000",1
edf44282-fdb,"2025-03-10 09:38:19.000000",1,"2025-03-10 16:38:19.000000",0
edf442ed-fdb,"2025-03-06 09:38:19.000000",1,"2025-03-06 15:38:19.000000",0
edf4434a-fdb,"2025-03-06 09:38:19.000000",1,"2025-03-06 11:38:19.000000",1
edf443a9-fdb,"2025-03-08 09:38:19.000000",1,"2025-03-08 15:38:19.000000",0
edf44408-fdb,"2025-03-09 09:38:19.000000",1,"2025-03-09 10:38:19.000000",0
edf44467-fdb,"2025-03-05 09:38:19.000000",1,"2025-03-05 10:38:19.000000",0
edf444c7-fdb,"2025-03-09 09:38:19.000000",1,"2025-03-09 11:38:19.000000",1
edf44526-fdb,"2025-03-04 09:38:19.000000",1,"2025-03-04 13:38:19.000000",0
edf44584-fdb,"2025-03-09 09:38:19.000000",1,"2025-03-09 12:38:19.000000",1
edf445e4-fdb,"2025-03-06 09:38:19.000000",1,"2025-03-06 16:38:19.000000",0
edf44641-fdb,"2025-03-10 09:38:19.000000",1,"2025-03-10 15:38:19.000000",1
edf4469c-fdb,"2025-03-10 09:38:19.000000",1,"2025-03-10 11:38:19.000000",0
edf446fb-fdb,"2025-03-07 09:38:19.000000",1,"2025-03-07 12:38:19.000000",0
edf44758-fdb,"2025-03-09 09:38:19.000000",1,"2025-03-09 14:38:19.000000",1
edf447b5-fdb,"2025-03-10 09:38:19.000000",1,"2025-03-10 14:38:19.000000",0
edf44810-fdb,"2025-03-04 09:38:19.000000",1,"2025-03-04 14:38:19.000000",0
edf4486e-fdb,"2025-03-05 09:38:19.000000",1,"2025-03-05 11:38:19.000000",0
edf448cd-fdb,"2025-03-09 09:38:19.000000",1,"2025-03-09 10:38:19.000000",0
edf4492b-fdb,"2025-03-05 09:38:19.000000",1,"2025-03-05 16:38:19.000000",0
edf4498b-fdb,"2025-03-08 09:38:19.000000",1,"2025-03-08 12:38:19.000000",1
edf449ea-fdb,"2025-03-08 09:38:19.000000",1,"2025-03-08 15:38:19.000000",0
edf44a46-fdb,"2025-03-08 09:38:19.000000",1,"2025-03-08 10:38:19.000000",0
edf44aa3-fdb,"2025-03-04 09:38:19.000000",1,"2025-03-04 10:38:19.000000",0
edf44b00-fdb,"2025-03-04 09:38:19.000000",1,"2025-03-04 10:38:19.000000",0
edf44b5f-fdb,"2025-03-07 09:38:19.000000",1,"2025-03-07 11:38:19.000000",0
edf44bbb-fdb,"2025-03-06 09:38:19.000000",1,"2025-03-06 13:38:19.000000",0
edf44c19-fdb,"2025-03-05 09:38:19.000000",1,"2025-03-05 10:38:19.000000",0
edf44c76-fdb,"2025-03-10 09:38:19.000000",1,"2025-03-10 10:38:19.000000",0
edf44cd1-fdb,"2025-03-05 09:38:19.000000",1,"2025-03-05 15:38:19.000000",0
edf44d2f-fdb,"2025-03-07 09:38:19.000000",1,"2025-03-07 15:38:19.000000",0
edf44db5-fdb,"2025-03-07 09:38:19.000000",1,"2025-03-07 14:38:19.000000",0
edf44e3f-fdb,"2025-03-10 09:38:19.000000",1,"2025-03-10 14:38:19.000000",1
edf44e9f-fdb,"2025-03-09 09:38:19.000000",1,"2025-03-09 14:38:19.000000",0
edf44f02-fdb,"2025-03-05 09:38:19.000000",1,"2025-03-05 16:38:19.000000",1
edf44f62-fdb,"2025-03-10 09:38:19.000000",1,"2025-03-10 10:38:19.000000",0
edf44fbf-fdb,"2025-03-05 09:38:19.000000",1,"2025-03-05 14:38:19.000000",1
edf45022-fdb,"2025-03-09 09:38:19.000000",1,"2025-03-09 10:38:19.000000",0
edf45080-fdb,"2025-03-07 09:38:19.000000",1,"2025-03-07 10:38:19.000000",1
edf450dd-fdb,"2025-03-08 09:38:19.000000",1,"2025-03-08 10:38:19.000000",1
edf45139-fdb,"2025-03-04 09:38:19.000000",1,"2025-03-04 13:38:19.000000",0
edf45197-fdb,"2025-03-09 09:38:19.000000",1,"2025-03-09 11:38:19.000000",1
edf451f5-fdb,"2025-03-07 09:38:19.000000",1,"2025-03-07 13:38:19.000000",0
edf4526d-fdb,"2025-03-06 09:38:19.000000",1,"2025-03-06 16:38:19.000000",0
edf452cd-fdb,"2025-03-04 09:38:19.000000",1,"2025-03-04 16:38:19.000000",0
edf45329-fdb,"2025-03-07 09:38:19.000000",1,"2025-03-07 10:38:19.000000",0
edf45387-fdb,"2025-03-07 09:38:19.000000",1,"2025-03-07 14:38:19.000000",1
edf453e4-fdb,"2025-03-08 09:38:19.000000",1,"2025-03-08 15:38:19.000000",0
edf4543f-fdb,"2025-03-04 09:38:19.000000",1,"2025-03-04 16:38:19.000000",0
edf4549c-fdb,"2025-03-06 09:38:19.000000",1,"2025-03-06 11:38:19.000000",0
edf4552d-fdb,"2025-03-09 09:38:19.000000",1,"2025-03-09 14:38:19.000000",1
edf4558f-fdb,"2025-03-06 09:38:19.000000",1,"2025-03-06 11:38:19.000000",1
edf455ec-fdb,"2025-03-10 09:38:19.000000",1,"2025-03-10 13:38:19.000000",1
edf45647-fdb,"2025-03-08 09:38:19.000000",1,"2025-03-08 13:38:19.000000",0
edf456a4-fdb,"2025-03-10 09:38:19.000000",1,"2025-03-10 16:38:19.000000",0
edf45700-fdb,"2025-03-10 09:38:19.000000",1,"2025-03-10 10:38:19.000000",1
edf4575e-fdb,"2025-03-09 09:38:19.000000",1,"2025-03-09 14:38:19.000000",0
edf457bf-fdb,"2025-03-06 09:38:19.000000",1,"2025-03-06 11:38:19.000000",0
edf4581c-fdb,"2025-03-07 09:38:19.000000",1,"2025-03-07 10:38:19.000000",1
edf4587d-fdb,"2025-03-08 09:38:19.000000",1,"2025-03-08 13:38:19.000000",0
edf458da-fdb,"2025-03-04 09:38:19.000000",1,"2025-03-04 11:38:19.000000",0
edf45938-fdb,"2025-03-10 09:38:19.000000",1,"2025-03-10 14:38:19.000000",1
edf45994-fdb,"2025-03-06 09:38:19.000000",1,"2025-03-06 16:38:19.000000",0
edf459f1-fdb,"2025-03-06 09:38:19.000000",1,"2025-03-06 11:38:19.000000",0
edf45a4f-fdb,"2025-03-05 09:38:19.000000",1,"2025-03-05 14:38:19.000000",0
edf45aac-fdb,"2025-03-10 09:38:19.000000",1,"2025-03-10 12:38:19.000000",0
edf45b0a-fdb,"2025-03-07 09:38:19.000000",1,"2025-03-07 10:38:19.000000",0
edf45b66-fdb,"2025-03-07 09:38:19.000000",1,"2025-03-07 11:38:19.000000",0
edf45bc5-fdb,"2025-03-06 09:38:19.000000",1,"2025-03-06 13:38:19.000000",1
edf45c25-fdb,"2025-03-05 09:38:19.000000",1,"2025-03-05 12:38:19.000000",0
edf45c80-fdb,"2025-03-09 09:38:19.000000",1,"2025-03-09 15:38:19.000000",0
edf45ce2-fdb,"2025-03-08 09:38:19.000000",1,"2025-03-08 12:38:19.000000",0
edf45d3f-fdb,"2025-03-07 09:38:19.000000",1,"2025-03-07 11:38:19.000000",0
edf45d9c-fdb,"2025-03-08 09:38:19.000000",1,"2025-03-08 15:38:19.000000",0
edf45df9-fdb,"2025-03-04 09:38:19.000000",1,"2025-03-04 13:38:19.000000",0
edf45e56-fdb,"2025-03-06 09:38:19.000000",1,"2025-03-06 11:38:19.000000",0
edf45eb4-fdb,"2025-03-07 09:38:19.000000",1,"2025-03-07 11:38:19.000000",0
edf45f12-fdb,"2025-03-08 09:38:19.000000",1,"2025-03-08 15:38:19.000000",0
edf45f70-fdb,"2025-03-05 09:38:19.000000",1,"2025-03-05 12:38:19.000000",0
edf45fcc-fdb,"2025-03-06 09:38:19.000000",1,"2025-03-06 10:38:19.000000",0
edf4602c-fdb,"2025-03-04 09:38:19.000000",1,"2025-03-04 14:38:19.000000",1
edf4608d-fdb,"2025-03-05 09:38:19.000000",1,"2025-03-05 16:38:19.000000",0
edf46119-fdb,"2025-03-06 09:38:19.000000",1,"2025-03-06 14:38:19.000000",1
edf4617f-fdb,"2025-03-09 09:38:19.000000",1,"2025-03-09 11:38:19.000000",1
EE88667A3D5E,"2025-03-10 10:03:31.306591",0,NULL,0
FCCC7F9B51E4,"2025-03-10 10:03:34.713566",0,NULL,0
FEC7AD1E37E7,"2025-03-10 10:03:35.064757",0,NULL,0
